{
    "version": 1,
    "validation": {
        "float32": {
            "support": 118,
            "confusion_matrix": [
                [
                    16820,
                    16,
                    5
                ],
                [
                    7,
                    86,
                    0
                ],
                [
                    14,
                    0,
                    44
                ]
            ],
            "non_background": {
                "precision": 0.8609271523178808,
                "recall": 0.8609271523178808,
                "f1": 0.8609271523178808
            },
            "classification_report": {
                "0": {
                    "precision": 0.9987530431684579,
                    "recall": 0.9987530431684579,
                    "f1-score": 0.9987530431684579,
                    "support": 16841
                },
                "1": {
                    "precision": 0.8431372549019608,
                    "recall": 0.9247311827956989,
                    "f1-score": 0.882051282051282,
                    "support": 93
                },
                "2": {
                    "precision": 0.8979591836734694,
                    "recall": 0.7586206896551724,
                    "f1-score": 0.822429906542056,
                    "support": 58
                },
                "accuracy": 0.9975282485875706,
                "macro avg": {
                    "precision": 0.9132831605812961,
                    "recall": 0.8940349718731099,
                    "f1-score": 0.9010780772539321,
                    "support": 16992
                },
                "weighted avg": {
                    "precision": 0.9975572856261148,
                    "recall": 0.9975282485875706,
                    "f1-score": 0.9975124590283786,
                    "support": 16992
                }
            }
        },
        "int8": {
            "support": 118,
            "confusion_matrix": [
                [
                    16819,
                    15,
                    5
                ],
                [
                    6,
                    86,
                    0
                ],
                [
                    15,
                    0,
                    46
                ]
            ],
            "non_background": {
                "precision": 0.868421052631579,
                "recall": 0.8627450980392157,
                "f1": 0.8655737704918034
            },
            "classification_report": {
                "0": {
                    "precision": 0.9987529691211401,
                    "recall": 0.998812281014312,
                    "f1-score": 0.9987826241871788,
                    "support": 16839
                },
                "1": {
                    "precision": 0.8514851485148515,
                    "recall": 0.9347826086956522,
                    "f1-score": 0.8911917098445595,
                    "support": 92
                },
                "2": {
                    "precision": 0.9019607843137255,
                    "recall": 0.7540983606557377,
                    "f1-score": 0.8214285714285715,
                    "support": 61
                },
                "accuracy": 0.997587099811676,
                "macro avg": {
                    "precision": 0.917399633983239,
                    "recall": 0.8958977501219006,
                    "f1-score": 0.9038009684867699,
                    "support": 16992
                },
                "weighted avg": {
                    "precision": 0.9976081384497046,
                    "recall": 0.997587099811676,
                    "f1-score": 0.9975634056527038,
                    "support": 16992
                }
            }
        }
    }
}